Name,Time
bhushan
bhushan
bhushan
bhushan
bhushan
bhushan
bhushan
bhushan
bhushan
bhushan
bhushan
bhushan
bhushan
bhushan
bhushan
bhushan
bhushan
bhushan
bhushan
bhushan
bhushan
bhushan
bhushan
bhushan
bhushan
bhushan
bhushan
bhushan
bhushan
bhushan
bhushan
bhushan
bhushan
bhushan
bhushan
bhushan
bhushan
bhushan
bhushan
bhushan
bhushan
bhushan
bhushan
bhushan
bhushan
bhushan
bhushan
bhushan
bhushan
bhushanbhushan
bhushan
bhushan
bhushan
bhushan
bhushan
bhushan
bhushan
bhushan
bhushan
bhushan
bhushan
bhushan
bhushan
bhushan
bhushan
bhushan
bhushan
bhushan
bhushan
bhushan
bhushan
bhushan
bhushan
bhushan
bhushan
bhushan
bhushan
bhushan
bhushan
bhushan
bhushan
bhushan
bhushan
bhushan
bhushan
bhushan
bhushan
bhushan
bhushan
bhushan
bhushan
bhushan
bhushan
bhushan
bhushan
